﻿{
  "swaggerGenerator": {
    "fromSwagger": {
      "url": "http://localhost:20407/swagger/docs/v1",
      "output": null
    }
  },
  "codeGenerators": {
    "swaggerToTypeScriptClient": {
      "className": "{controller}Service",
      "moduleName": "",
      "namespace": "",
      "typeScriptVersion": 1.8,
      "template": "Angular",
      "promiseType": "Promise",
      "httpClass": "HttpClient",
      "useSingletonProvider": true,
      "injectionTokenType": "InjectionToken",
      "rxJsVersion": 6.0,
      "dateTimeType": "MomentJS",
      "nullValue": "Undefined",
      "generateClientClasses": true,
      "generateClientInterfaces": true,
      "generateOptionalParameters": true,
      "wrapDtoExceptions": false,
      "wrapResponses": false,
      "generateResponseClasses": true,
      "responseClass": "SwaggerResponse",
      "useTransformOptionsMethod": false,
      "useTransformResultMethod": false,
      "generateDtoTypes": true,
      "operationGenerationMode": "MultipleClientsFromOperationId",
      "markOptionalProperties": true,
      "generateCloneMethod": false,
      "typeStyle": "Class",
      "generateDefaultValues": true,
      "excludedTypeNames": [],
      "handleReferences": false,
      "generateConstructorInterface": true,
      "convertConstructorInterfaceData": false,
      "importRequiredTypes": true,
      "useGetBaseUrlMethod": false,
      "baseUrlTokenName": "CLIENT1_BASE_URL",
      "output": "./client1.ts"
    }
  }
}
