{
  "locators": {
    "emailInput": {
      "by": "id",
      "value": "userNameInput"
    },
    "passInput": {
      "by": "id",
      "value": "passwordInput"
    },
    "submitBt": {
      "by": "id",
      "value": "submitButton"
    },
    "homeComponent": {
      "by": "xpath",
      "value": "//app-home"
    },
    "adfsScreen": {
      "by": "id",
      "value": "formsAuthenticationArea"
    }
  },

  "usernames": {
    "válido": {
      "value": "svcusere2e@xpi.com.br",
      "password": "6u2VBL0N!Dq32shG"
    }
  },

  "constants": {
    "URL_HML": "http://localhost:4200/"
  }
}
